ATC_human,CPC_human,E_to_T_human,T_to_T_human,E_to_E_human,T_to_E_human,ATC_rat,CPC_rat,E_to_T_rat,T_to_T_rat,E_to_E_rat,T_to_E_rat,HC_RD,E_to_T_HC_RD,T_to_T_HC_RD,E_to_E_HC_RD,T_to_E_HC_RD
"{'p_conn_dist': array([7.33860106e-01, 6.00110634e-01, 3.97386351e-01, 2.26058790e-01,
       1.27365584e-01, 7.66143380e-02, 5.06924269e-02, 3.74537849e-02,
       2.94183823e-02, 2.15983103e-02, 1.52102925e-02, 8.62330117e-03,
       3.55436338e-03, 1.12262532e-03, 3.98630014e-04, 9.14155945e-05]), 'count_conn': array([1032026, 5059762, 7523835, 6769297, 5097834, 3673707, 2661337,
       1985333, 1456808,  897925,  446408,  147225,   29512,    3708,
           392,      19]), 'count_all': array([ 1406298,  8431382, 18933300, 29944852, 40025208, 47950646,
       52499696, 53007540, 49520330, 41573854, 29349074, 17072928,
        8303034,  3302972,   983368,   207842]), 'dist_bins': array([   0,   94,  188,  282,  376,  470,  564,  658,  752,  846,  940,
       1034, 1128, 1222, 1316, 1410, 1504])}","{'p_conn_dist': array([2.25489192e-01, 1.19884735e-01, 4.47904486e-02, 1.64183480e-02,
       7.25782612e-03, 4.05986188e-03, 2.87542617e-03, 2.38000103e-03,
       1.85447068e-03, 1.14891922e-03, 6.66460550e-04, 3.08851534e-04,
       1.02251779e-04, 1.69544277e-05, 3.05073991e-06, 0.00000000e+00]), 'count_conn': array([ 317105, 1010794,  848031,  491645,  290496,  194673,  150959,
        126158,   91834,   47765,   19560,    5273,     849,      56,
             3,       0]), 'count_all': array([ 1406298,  8431382, 18933300, 29944852, 40025208, 47950646,
       52499696, 53007540, 49520330, 41573854, 29349074, 17072928,
        8303034,  3302972,   983368,   207842]), 'dist_bins': array([   0,   94,  188,  282,  376,  470,  564,  658,  752,  846,  940,
       1034, 1128, 1222, 1316, 1410, 1504])}","{'p_conn_dist': array([1.23628847e-01, 1.00762248e-01, 6.67751528e-02, 3.79304596e-02,
       2.14152541e-02, 1.28711717e-02, 8.49951588e-03, 6.30148088e-03,
       4.94524168e-03, 3.63228292e-03, 2.54924568e-03, 1.43525469e-03,
       5.89182219e-04, 2.07994497e-04, 7.11839311e-05, 1.44340412e-05]), 'count_conn': array([ 173859,  849565, 1264274, 1135822,  857150,  617181,  446222,
        334026,  244890,  151008,   74818,   24504,    4892,     687,
            70,       3]), 'count_all': array([ 1406298,  8431382, 18933300, 29944852, 40025208, 47950646,
       52499696, 53007540, 49520330, 41573854, 29349074, 17072928,
        8303034,  3302972,   983368,   207842]), 'dist_bins': array([   0,   94,  188,  282,  376,  470,  564,  658,  752,  846,  940,
       1034, 1128, 1222, 1316, 1410, 1504])}","{'p_conn_dist': array([4.16285880e-01, 2.76468081e-01, 1.43685992e-01, 6.94930134e-02,
       3.55330071e-02, 2.02848988e-02, 1.31322856e-02, 9.63557260e-03,
       7.34435736e-03, 5.15785715e-03, 3.48157492e-03, 1.91361435e-03,
       7.52375577e-04, 2.42206110e-04, 7.42346710e-05, 4.81134708e-06]), 'count_conn': array([ 585422, 2331008, 2720450, 2080958, 1422216,  972674,  689441,
        510758,  363695,  214432,  102181,   32671,    6247,     800,
            73,       1]), 'count_all': array([ 1406298,  8431382, 18933300, 29944852, 40025208, 47950646,
       52499696, 53007540, 49520330, 41573854, 29349074, 17072928,
        8303034,  3302972,   983368,   207842]), 'dist_bins': array([   0,   94,  188,  282,  376,  470,  564,  658,  752,  846,  940,
       1034, 1128, 1222, 1316, 1410, 1504])}","{'p_conn_dist': array([7.20338079e-02, 5.87275016e-02, 3.88005261e-02, 2.20716068e-02,
       1.24446074e-02, 7.49243295e-03, 4.94888580e-03, 3.65893230e-03,
       2.87883784e-03, 2.11770119e-03, 1.48427170e-03, 8.53749281e-04,
       3.49510793e-04, 1.13534114e-04, 4.57610986e-05, 0.00000000e+00]), 'count_conn': array([101301, 495154, 734622, 660931, 498098, 359267, 259815, 193951,
       142561,  88041,  43562,  14576,   2902,    375,     45,      0]), 'count_all': array([ 1406298,  8431382, 18933300, 29944852, 40025208, 47950646,
       52499696, 53007540, 49520330, 41573854, 29349074, 17072928,
        8303034,  3302972,   983368,   207842]), 'dist_bins': array([   0,   94,  188,  282,  376,  470,  564,  658,  752,  846,  940,
       1034, 1128, 1222, 1316, 1410, 1504])}","{'p_conn_dist': array([1.62071624e-01, 9.34934510e-02, 4.36780699e-02, 1.99487712e-02,
       9.91417709e-03, 5.54572299e-03, 3.58175407e-03, 2.61059087e-03,
       1.98122670e-03, 1.36958676e-03, 9.19586083e-04, 4.81112554e-04,
       1.93182396e-04, 5.66156782e-05, 2.44059192e-05, 1.44340412e-05]), 'count_conn': array([227921, 788279, 826970, 597363, 396817, 265921, 188041, 138381,
        98111,  56939,  26989,   8214,   1604,    187,     24,      3]), 'count_all': array([ 1406298,  8431382, 18933300, 29944852, 40025208, 47950646,
       52499696, 53007540, 49520330, 41573854, 29349074, 17072928,
        8303034,  3302972,   983368,   207842]), 'dist_bins': array([   0,   94,  188,  282,  376,  470,  564,  658,  752,  846,  940,
       1034, 1128, 1222, 1316, 1410, 1504])}","{'p_conn_dist': array([8.37547383e-01, 6.85219909e-01, 4.68514651e-01, 2.86092941e-01,
       1.71526831e-01, 1.03408431e-01, 5.37563014e-02, 2.53168246e-02,
       1.29770245e-02, 7.11025227e-03, 4.02908958e-03, 2.33950232e-03,
       1.37556869e-03, 7.25361875e-04, 4.08163265e-04, 0.00000000e+00]), 'count_conn': array([ 2503404, 11158872, 15879651, 14556949, 10913960,  7099274,
        3291007,  1173641,   391869,   119473,    28960,     5864,
           1002,       90,        2,        0]), 'count_all': array([ 2988970, 16285096, 33893606, 50881888, 63628296, 68652758,
       61220860, 46358144, 30197138, 16802920,  7187728,  2506516,
         728426,   124076,     4900,       10]), 'dist_bins': array([   0,   79,  158,  237,  316,  395,  474,  553,  632,  711,  790,
        869,  948, 1027, 1106, 1185, 1264])}","{'p_conn_dist': array([9.46677283e-02, 5.53315743e-02, 2.39030630e-02, 1.03130804e-02,
       5.06339192e-03, 2.72624153e-03, 1.13626303e-03, 4.63478434e-04,
       2.38896812e-04, 1.24383143e-04, 7.03977669e-05, 4.42845767e-05,
       3.29477531e-05, 2.41787292e-05, 0.00000000e+00, 0.00000000e+00]), 'count_conn': array([282959, 901080, 810161, 524749, 322175, 187164,  69563,  21486,
         7214,   2090,    506,    111,     24,      3,      0,      0]), 'count_all': array([ 2988970, 16285096, 33893606, 50881888, 63628296, 68652758,
       61220860, 46358144, 30197138, 16802920,  7187728,  2506516,
         728426,   124076,     4900,       10]), 'dist_bins': array([   0,   79,  158,  237,  316,  395,  474,  553,  632,  711,  790,
        869,  948, 1027, 1106, 1185, 1264])}","{'p_conn_dist': array([5.25254519e-02, 4.30058871e-02, 2.93383360e-02, 1.79418264e-02,
       1.07648176e-02, 6.45931807e-03, 3.36092959e-03, 1.59288085e-03,
       8.12196176e-04, 4.44327534e-04, 2.45418302e-04, 1.32055810e-04,
       9.47247902e-05, 1.61191528e-05, 0.00000000e+00, 0.00000000e+00]), 'count_conn': array([156997, 700355, 994382, 912914, 684947, 443450, 205759,  73843,
        24526,   7466,   1764,    331,     69,      2,      0,      0]), 'count_all': array([ 2988970, 16285096, 33893606, 50881888, 63628296, 68652758,
       61220860, 46358144, 30197138, 16802920,  7187728,  2506516,
         728426,   124076,     4900,       10]), 'dist_bins': array([   0,   79,  158,  237,  316,  395,  474,  553,  632,  711,  790,
        869,  948, 1027, 1106, 1185, 1264])}","{'p_conn_dist': array([2.07068321e-01, 1.30611696e-01, 6.62942149e-02, 3.35901647e-02,
       1.84345971e-02, 1.06540658e-02, 5.10388126e-03, 2.28615710e-03,
       1.15842104e-03, 6.24593821e-04, 3.56579993e-04, 2.15438481e-04,
       1.12571490e-04, 8.05957639e-05, 0.00000000e+00, 0.00000000e+00]), 'count_conn': array([ 618921, 2127024, 2246950, 1709131, 1172962,  731431,  312464,
        105982,   34981,   10495,    2563,     540,      82,      10,
             0,       0]), 'count_all': array([ 2988970, 16285096, 33893606, 50881888, 63628296, 68652758,
       61220860, 46358144, 30197138, 16802920,  7187728,  2506516,
         728426,   124076,     4900,       10]), 'dist_bins': array([   0,   79,  158,  237,  316,  395,  474,  553,  632,  711,  790,
        869,  948, 1027, 1106, 1185, 1264])}","{'p_conn_dist': array([3.90442192e-02, 3.19317123e-02, 2.18294566e-02, 1.33396976e-02,
       7.98473371e-03, 4.83534835e-03, 2.50764200e-03, 1.18432265e-03,
       6.06083928e-04, 3.29764112e-04, 1.83228970e-04, 1.15698444e-04,
       7.00139753e-05, 4.02978819e-05, 0.00000000e+00, 0.00000000e+00]), 'count_conn': array([116702, 520011, 739879, 678749, 508055, 331960, 153520,  54903,
        18302,   5541,   1317,    290,     51,      5,      0,      0]), 'count_all': array([ 2988970, 16285096, 33893606, 50881888, 63628296, 68652758,
       61220860, 46358144, 30197138, 16802920,  7187728,  2506516,
         728426,   124076,     4900,       10]), 'dist_bins': array([   0,   79,  158,  237,  316,  395,  474,  553,  632,  711,  790,
        869,  948, 1027, 1106, 1185, 1264])}","{'p_conn_dist': array([7.63938748e-02, 4.66151996e-02, 2.28744029e-02, 1.13664021e-02,
       6.18792306e-03, 3.55421992e-03, 1.69933908e-03, 7.53955982e-04,
       3.76658212e-04, 2.08237616e-04, 1.15196346e-04, 6.82221857e-05,
       3.02021070e-05, 8.05957639e-06, 0.00000000e+00, 0.00000000e+00]), 'count_conn': array([228339, 759133, 775296, 578344, 393727, 244007, 104035,  34952,
        11374,   3499,    828,    171,     22,      1,      0,      0]), 'count_all': array([ 2988970, 16285096, 33893606, 50881888, 63628296, 68652758,
       61220860, 46358144, 30197138, 16802920,  7187728,  2506516,
         728426,   124076,     4900,       10]), 'dist_bins': array([   0,   79,  158,  237,  316,  395,  474,  553,  632,  711,  790,
        869,  948, 1027, 1106, 1185, 1264])}","{'p_conn_dist': array([0.82651046, 0.64856319, 0.49293409, 0.3721819 , 0.2803536 ,
       0.21109766, 0.15896397, 0.11973746, 0.09028926, 0.06813766,
       0.05159202, 0.03892203, 0.02948717, 0.0222542 , 0.0167628 ,
       0.01297139]), 'count_conn': array([ 1162320,  5468284,  9332869, 11144932, 11221211, 10122269,
        8345560,  6346988,  4471154,  2832745,  1514178,   664513,
         244833,    73505,    16484,     2696]), 'count_all': array([ 1406298,  8431382, 18933300, 29944852, 40025208, 47950646,
       52499696, 53007540, 49520330, 41573854, 29349074, 17072928,
        8303034,  3302972,   983368,   207842]), 'dist_bins': array([   0,   94,  188,  282,  376,  470,  564,  658,  752,  846,  940,
       1034, 1128, 1222, 1316, 1410, 1504])}","{'p_conn_dist': array([0.03747854, 0.02963014, 0.02250611, 0.01695908, 0.01274499,
       0.00961768, 0.00724132, 0.00545662, 0.00409878, 0.00309507,
       0.00235278, 0.00178001, 0.00134638, 0.00103059, 0.00073726,
       0.00063029]), 'count_conn': array([ 52706, 249823, 426115, 507837, 510121, 461174, 380167, 289242,
       202973, 128674,  69052,  30390,  11179,   3404,    725,    131]), 'count_all': array([ 1406298,  8431382, 18933300, 29944852, 40025208, 47950646,
       52499696, 53007540, 49520330, 41573854, 29349074, 17072928,
        8303034,  3302972,   983368,   207842]), 'dist_bins': array([   0,   94,  188,  282,  376,  470,  564,  658,  752,  846,  940,
       1034, 1128, 1222, 1316, 1410, 1504])}","{'p_conn_dist': array([0.15147003, 0.10812095, 0.07469136, 0.05176195, 0.0360161 ,
       0.02527985, 0.01786149, 0.01267639, 0.00905462, 0.00651996,
       0.0047519 , 0.00342203, 0.00249812, 0.00185621, 0.00124063,
       0.00119321]), 'count_conn': array([ 213012,  911609, 1414154, 1550004, 1441552, 1212185,  937723,
        671944,  448388,  271060,  139464,   58424,   20742,    6131,
          1220,     248]), 'count_all': array([ 1406298,  8431382, 18933300, 29944852, 40025208, 47950646,
       52499696, 53007540, 49520330, 41573854, 29349074, 17072928,
        8303034,  3302972,   983368,   207842]), 'dist_bins': array([   0,   94,  188,  282,  376,  470,  564,  658,  752,  846,  940,
       1034, 1128, 1222, 1316, 1410, 1504])}","{'p_conn_dist': array([0.03540999, 0.0277971 , 0.02112109, 0.01598094, 0.01199706,
       0.00908142, 0.0068017 , 0.00513399, 0.00387968, 0.00292345,
       0.00221407, 0.00167927, 0.00128158, 0.00092402, 0.00070472,
       0.00048113]), 'count_conn': array([ 49797, 234368, 399892, 478547, 480185, 435460, 357087, 272140,
       192123, 121539,  64981,  28670,  10641,   3052,    693,    100]), 'count_all': array([ 1406298,  8431382, 18933300, 29944852, 40025208, 47950646,
       52499696, 53007540, 49520330, 41573854, 29349074, 17072928,
        8303034,  3302972,   983368,   207842]), 'dist_bins': array([   0,   94,  188,  282,  376,  470,  564,  658,  752,  846,  940,
       1034, 1128, 1222, 1316, 1410, 1504])}","{'p_conn_dist': array([0.05211058, 0.03687913, 0.02544115, 0.0175346 , 0.01210734,
       0.00848915, 0.00597162, 0.00422357, 0.00300499, 0.00215773,
       0.00156342, 0.00112775, 0.00083753, 0.00060824, 0.00042405,
       0.0004667 ]), 'count_conn': array([ 73283, 310942, 481685, 525071, 484599, 407060, 313508, 223881,
       148808,  89705,  45885,  19254,   6954,   2009,    417,     97]), 'count_all': array([ 1406298,  8431382, 18933300, 29944852, 40025208, 47950646,
       52499696, 53007540, 49520330, 41573854, 29349074, 17072928,
        8303034,  3302972,   983368,   207842]), 'dist_bins': array([   0,   94,  188,  282,  376,  470,  564,  658,  752,  846,  940,
       1034, 1128, 1222, 1316, 1410, 1504])}"
"{'model': 'exp_model_scale * np.exp(-exp_model_exponent * np.array(d))', 'model_inputs': ['d'], 'model_params': {'exp_model_scale': 0.9520212166053698, 'exp_model_exponent': 0.004184513325366615}}","{'model': 'exp_model_scale * np.exp(-exp_model_exponent * np.array(d))', 'model_inputs': ['d'], 'model_params': {'exp_model_scale': 0.33377772110720555, 'exp_model_exponent': 0.00802180052252716}}","{'model': 'exp_model_scale * np.exp(-exp_model_exponent * np.array(d))', 'model_inputs': ['d'], 'model_params': {'exp_model_scale': 0.160293836990734, 'exp_model_exponent': 0.004192338702962497}}","{'model': 'exp_model_scale * np.exp(-exp_model_exponent * np.array(d))', 'model_inputs': ['d'], 'model_params': {'exp_model_scale': 0.5624353263799292, 'exp_model_exponent': 0.00580685168754893}}","{'model': 'exp_model_scale * np.exp(-exp_model_exponent * np.array(d))', 'model_inputs': ['d'], 'model_params': {'exp_model_scale': 0.09341457273264223, 'exp_model_exponent': 0.004196936247171976}}","{'model': 'exp_model_scale * np.exp(-exp_model_exponent * np.array(d))', 'model_inputs': ['d'], 'model_params': {'exp_model_scale': 0.22664243464322378, 'exp_model_exponent': 0.006829663344083404}}","{'model': 'exp_model_scale * np.exp(-exp_model_exponent * np.array(d))', 'model_inputs': ['d'], 'model_params': {'exp_model_scale': 1.0853616003360627, 'exp_model_exponent': 0.004854185179431955}}","{'model': 'exp_model_scale * np.exp(-exp_model_exponent * np.array(d))', 'model_inputs': ['d'], 'model_params': {'exp_model_scale': 0.13442783930778918, 'exp_model_exponent': 0.008388434706843924}}","{'model': 'exp_model_scale * np.exp(-exp_model_exponent * np.array(d))', 'model_inputs': ['d'], 'model_params': {'exp_model_scale': 0.06808514098270148, 'exp_model_exponent': 0.0048567885603970785}}","{'model': 'exp_model_scale * np.exp(-exp_model_exponent * np.array(d))', 'model_inputs': ['d'], 'model_params': {'exp_model_scale': 0.2808109347941838, 'exp_model_exponent': 0.007195396864367585}}","{'model': 'exp_model_scale * np.exp(-exp_model_exponent * np.array(d))', 'model_inputs': ['d'], 'model_params': {'exp_model_scale': 0.05058944240499754, 'exp_model_exponent': 0.0048542936697812625}}","{'model': 'exp_model_scale * np.exp(-exp_model_exponent * np.array(d))', 'model_inputs': ['d'], 'model_params': {'exp_model_scale': 0.10462885200688982, 'exp_model_exponent': 0.007518482592282226}}","{'model': 'exp_model_scale * np.exp(-exp_model_exponent * np.array(d))', 'model_inputs': ['d'], 'model_params': {'exp_model_scale': 0.960866984993555, 'exp_model_exponent': 0.0029101661113987974}}","{'model': 'exp_model_scale * np.exp(-exp_model_exponent * np.array(d))', 'model_inputs': ['d'], 'model_params': {'exp_model_scale': 0.04367254311244298, 'exp_model_exponent': 0.002902661877696911}}","{'model': 'exp_model_scale * np.exp(-exp_model_exponent * np.array(d))', 'model_inputs': ['d'], 'model_params': {'exp_model_scale': 0.18176650388676968, 'exp_model_exponent': 0.003784252453383562}}","{'model': 'exp_model_scale * np.exp(-exp_model_exponent * np.array(d))', 'model_inputs': ['d'], 'model_params': {'exp_model_scale': 0.0411704412294234, 'exp_model_exponent': 0.0029087585095809386}}","{'model': 'exp_model_scale * np.exp(-exp_model_exponent * np.array(d))', 'model_inputs': ['d'], 'model_params': {'exp_model_scale': 0.0626287445042315, 'exp_model_exponent': 0.0038373252983315495}}"
